Rk,Name,Age,Tm
1,CJ Abrams,25,WSH
2,Wilyer Abreu,27,BOS
3,Angel Abreu,17,CLE
4,Jhorvic Abreus,20,CLE
5,Victor Acosta,22,CIN
6,Maximo Acosta,23,MIA
7,Ronald Acuña Jr.,28,ATL
8,Luisangel Acuña,24,CWS
9,Francisco Acuña,26,SD
10,Josh Adamczewski,21,MIL
11,Willy Adames,30,SF
12,Riley Adams,30,WSH
13,Luke Adams,22,MIL
14,Jordyn Adams,26,MIL
15,Jo Adell,27,LAA
16,Jonah Advincula,25,CLE
17,Maui Ahuna,24,SF
18,Ozzie Albies,29,ATL
19,Sergio Alcántara,29,WSH
20,Marvin Alcantara,21,BOS
21,Kevin Alcántara,23,CHC
22,Derik Alcantara,21,CHC
23,Alfredo Alcantara,20,CIN
24,Kemp Alderman,23,MIA
25,CJ Alexander,29,HOU
26,Blaze Alexander,27,BAL
27,Edgar Alfonso,22,LAA
28,Omar Alfonzo,22,PIT
29,Eliezer Alfonzo,26,LAD
30,Slate Alford,23,LAA
31,Nick Allen,27,HOU
32,Jay Allen,23,CIN
33,Pete Alonso,31,BAL
34,Wehiwa Aloy,22,BAL
35,Jose Alpuria,21,AZ
36,Jose Altuve,36,HOU
37,Yordan Alvarez,29,HOU
38,Nacho Alvarez Jr.,23,ATL
39,Kevin Alvarez,18,HOU
40,Hayden Alvarez,19,LAA
41,Francisco Alvarez,24,NYM
42,Edgar Alvarez,25,CHC
43,Adael Amador,23,COL
44,Miguel Amaya,27,CHC
45,Jacob Amaya,27,AZ
46,Billy Amick,23,MIN
47,Yunior Amparo,19,NYM
48,Max Anderson,24,DET
49,José Anderson,19,MIL
50,Ethan Anderson,22,BAL
51,Antonio Anderson,21,BOS
52,Bryan Andrade,21,ATH
53,Miguel Andujar,31,SD
54,Euribiel Angeles,24,ATH
55,Roman Anthony,22,BOS
56,Keaton Anthony,25,PHI
57,Mike Antico,28,STL
58,Sam Antonacci,23,CWS
59,Wuilfredo Antunez,24,CLE
60,Andreimi Antunez,19,TB
61,Jonathan Aranda,28,TB
62,Nathan Archer,23,CWS
63,Orlando Arcia,31,MIN
64,Silas Ardoin,25,BAL
65,Jadher Areinamo,22,TB
66,Nolan Arenado,35,AZ
67,Roderick Arias,21,NYY
68,Robert Arias,19,CLE
69,Luis Arias,20,WSH
70,Leandro Arias,21,BAL
71,Isael Arias,20,NYY
72,Gabriel Arias,26,CLE
73,Franklin Arias,20,BOS
74,Ariel Armas,23,CHC
75,Bryce Arnold,24,CLE
76,Randy Arozarena,31,SEA
77,Luis Arráez,29,SF
78,Michael Arroyo,21,SEA
79,Edwin Arroyo,22,CIN
80,Christian Arroyo,31,NYM
81,Chris Arroyo,21,MIA
82,J.T. Arruda,28,SEA
83,Aeverson Arteaga,23,SF
84,Jose Astudillo,22,SF
85,José Aular,22,NYM
86,RJ Austin,22,BAL
87,Drew Avans,30,COL
88,Jace Avina,23,NYY
89,Nicandro Aybar,21,TB
90,Owen Ayers,25,CHC
91,José Azocar,30,ATL
92,Enddy Azocar,19,BOS
93,Akil Baddoo,27,MIL
94,Harrison Bader,32,SF
95,Ji Hwan Bae,26,NYM
96,Nate Baez,25,BOS
97,Juan Baez,21,MIL
98,Joshua Báez,23,STL
99,Jesús Báez,21,STL
100,Javier Báez,33,DET
101,Patrick Bailey,27,SF
102,Luken Baker,29,AZ
103,Dru Baker,26,CWS
104,Darren Baker,27,CWS
105,Leo Balcazar,22,CIN
106,Drake Baldwin,25,ATL
107,Brooks Baldwin,25,CWS
108,Moisés Ballesteros,22,CHC
109,Scott Bandura,24,SF
110,Will Banfield,26,CIN
111,David Bañuelos,29,MIN
112,Rod Barajas,21,SF
113,Addison Barger,26,TOR
114,Jack Barker,21,PHI
115,Isaiah Barkett,22,SF
116,Austin Barnes,36,NYM
117,Tres Barrera,31,WSH
118,Emilio Barreras,22,MIA
119,Jose Barrero,28,BAL
120,Alberto Barriga,21,AZ
121,Gregory Barrios,22,TB
122,Jorge Barrosa,25,AZ
123,Justin Barry,19,BOS
124,Braden Barry,24,TOR
125,Cameron Barstad,25,CLE
126,Joey Bart,29,PIT
127,Osleivis Basabe,25,SF
128,Samuel Basallo,21,BAL
129,Jayson Bass,20,MIN
130,Jesús Bastidas,27,MIA
131,Brett Bateman,24,CHC
132,Andry Batista,19,TEX
133,Brett Baty,26,NYM
134,Jake Bauers,30,MIL
135,Israfell Bautista,19,TB
136,John Bay,25,NYM
137,Travis Bazzana,23,CLE
138,Dylan Beavers,24,BAL
139,Jordan Beck,25,COL
140,Colton Becker,25,KC
141,Josh Bell,33,MIN
142,Cody Bellinger,30,NYY
143,Carson Benge,23,NYM
144,Andrew Benintendi,31,CWS
145,Juan Benjamin,23,CLE
146,Will Benson,28,CIN
147,Alexander Benua,22,AZ
148,Derek Berg,24,PIT
149,William Bergolla,21,CWS
150,Victor Bericoto,24,SF
151,Warming Bernabel,24,WSH
152,Leonardo Bernal,22,STL
153,Jacob Berry,25,MIA
154,Jay Beshears,24,MIA
155,Bryant Betancourt,22,COL
156,Freiker Betencourt,17,CHC
157,Christian Bethancourt,34,CHC
158,Mookie Betts,33,LAD
159,Bo Bichette,28,NYM
160,Nick Biddison,25,PHI
161,Justice Bigbie,27,DET
162,Jax Biggers,29,HOU
163,Cavan Biggio,31,HOU
164,Alex Binelas,26,PHI
165,Alex Birge,23,STL
166,Eric Bitonti,20,MIL
167,Tyler Black,25,MIL
168,Tony Blanco,21,PIT
169,Dairon Blanco,33,"KC,TEX"
170,Bobby Blandford,23,ATH
171,JJ Bleday,28,CIN
172,Miguel Bleis,22,BOS
173,Ryan Bliss,26,SEA
174,Caden Bodine,22,TB
175,Mike Boeve,24,MIL
176,Xander Bogaerts,33,SD
177,Alec Bohm,29,PHI
178,Jace Bohrofen,24,TOR
179,Branden Boissiere,26,WSH
180,Henry Bolte,22,ATH
181,Caleb Bonemer,20,CWS
182,Bobby Boser,23,ATH
183,Jase Bowen,25,SD
184,TT Bowens,28,BAL
185,Drew Bowser,24,CHC
186,Emaarion Boyd,22,MIA
187,Enrique Bradfield,24,BAL
188,Spencer Bramwell,27,MIA
189,Jack Brannigan,25,PIT
190,Jhorman Bravo,18,BOS
191,Damian Bravo,22,SF
192,Josh Breaux,28,CWS
193,Alex Bregman,32,CHC
194,Will Brennan,28,SF
195,Ivan Brethowr,23,PIT
196,Josue Briceño,21,DET
197,Jonah Bride,30,TEX
198,Roldy Brito,19,COL
199,Juan Brito,24,CLE
200,Erick Brito,24,PHI
201,Julian Brock,25,TEX
202,Archer Brookman,27,ATL
203,Robert Brooks,27,TOR
204,Michael Brooks,24,ATH
205,Seth Brown,33,NYY
206,Sam Brown,24,WSH
207,Marcus Brown,24,WSH
208,Eric Brown,25,MIL
209,Ely Brown,21,CWS
210,Dasan Brown,24,MIL
211,Canyon Brown,22,KC
212,Kevin Bruggeman,24,LAA
213,Vidal Bruján,28,NYM
214,Drew Brutcher,24,HOU
215,Daniel Bucciero,21,ATH
216,Brayan Buelvas,24,ATH
217,Tony Bullard,26,MIA
218,Jake Burger,30,TEX
219,Colin Burgess,25,ATL
220,Jacob Burke,25,CWS
221,Blake Burke,23,MIL
222,Alec Burleson,27,STL
223,Peter Burns,26,LAA
224,Connor Burns,24,CIN
225,Ryan Burrowes,21,CWS
226,Max Burt,29,DET
227,Michael Busch,28,CHC
228,Will Bush,22,HOU
229,Homer Bush,24,TB
230,Lawrence Butler,25,ATH
231,Brandon Butterworth,23,BAL
232,Byron Buxton,32,MIN
233,Starlyn Caba,20,MIA
234,José Caballero,29,NYY
235,Yeremy Cabrera,20,WSH
236,Oswaldo Cabrera,27,NYY
237,Juneiker Caceres,18,CLE
238,Jac Caglianone,23,KC
239,Christian Cairo,25,PHI
240,Owen Caissie,23,MIA
241,David Calabrese,23,LAA
242,Robert Calaz,20,COL
243,Caleb Cali,25,SEA
244,Carl Calixte,19,PIT
245,Chase Call,24,HOU
246,Alex Call,31,LAD
247,Brett Callahan,24,DET
248,Austin Callahan,25,CIN
249,Tyler Callihan,26,"CIN,PIT"
250,Jair Camargo,26,ATL
251,Mario Camilletti,27,CWS
252,Junior Caminero,22,TB
253,Kristian Campbell,24,BOS
254,Dylan Campbell,23,PHI
255,Gustavo Campero,28,LAA
256,Ryan Campos,23,STL
257,Roberto Campos,23,DET
258,Luis Campusano,27,SD
259,Jeimer Candelario,32,LAA
260,Mark Canha,37,TEX
261,Cam Cannarella,22,MIA
262,Hayden Cantrelle,27,CHC
263,Dominic Canzone,28,SEA
264,Conner Capel,29,COL
265,Yiddi Cappe,23,MIA
266,Vinny Capra,29,BOS
267,Victor Caratini,32,MIN
268,Noah Cardenas,26,MIN
269,Owen Carey,19,ATL
270,Dylan Carlson,27,CHC
271,Billy Carlson,19,CWS
272,Easton Carmichael,22,PIT
273,Carlos Caro,21,PIT
274,Josh Caron,22,SEA
275,Kerry Carpenter,28,DET
276,Cole Carrigg,24,COL
277,Corbin Carroll,25,AZ
278,Diego Cartaya,24,SF
279,Evan Carter,23,TEX
280,Jake Casey,23,TOR
281,Connor Caskenette,24,MIA
282,Marcos Castañon,27,SD
283,Nick Castellanos,34,SD
284,Luis Castillo,22,MIL
285,Kevyn Castillo,21,LAA
286,Jesus Castillo,22,PIT
287,Jackson Castillo,23,NYY
288,Willi Castro,29,COL
289,Allan Castro,23,BOS
290,Pedro Catuy,20,AZ
291,Cameron Cauley,23,TEX
292,Sabin Ceballos,23,SF
293,Felnin Celesten,20,SEA
294,Gilberto Celestino,27,TEX
295,Angel Cepeda,20,CHC
296,Jose Cerice,21,KC
297,Ryan Cesarini,23,CLE
298,Yoeilin Cespedes,20,BOS
299,Andrés Chaparro,27,WSH
300,Matt Chapman,33,SF
301,Austin Charles,22,KC
302,Parker Chavers,27,CHC
303,Frainyer Chavez,27,TEX
304,Michael Chavis,30,CIN
305,Tsung-Che Cheng,24,BOS
306,Jazz Chisholm Jr.,28,NYY
307,Won-Bin Cho,22,STL
308,Jaison Chourio,21,CLE
309,Jackson Chourio,22,MIL
310,Nathan Church,25,STL
311,Nick Cimillo,26,PIT
312,Jeremy Ciriaco,19,COL
313,Wallace Clark,24,AZ
314,Max Clark,21,DET
315,Denzel Clarke,26,ATH
316,Jonatan Clase,24,TOR
317,Cam Clayton,23,MIA
318,Kody Clemens,30,MIN
319,Ernie Clement,30,TOR
320,Ryan Clifford,22,NYM
321,Pat Clohisy,24,ATL
322,Jackson Cluff,29,NYM
323,Owen Cobb,25,NYY
324,Cutter Coffey,22,TOR
325,Trevor Cohen,22,SF
326,Zach Cole,25,HOU
327,Mark Coley,25,MIA
328,Harold Coll,24,LAA
329,Maick Collado,23,CLE
330,Cam Collier,21,CIN
331,Jack Collins,23,TEX
332,Isaac Collins,28,KC
333,Corey Collins,24,NYM
334,Jose Colmenares,24,PHI
335,Carlos Colmenarez,22,TB
336,Drew Compton,25,ATL
337,Charlie Condon,23,COL
338,Yerlin Confidan,23,CIN
339,Michael Conforto,33,CHC
340,Griffin Conine,28,MIA
341,Cal Conley,26,ATL
342,Cole Conn,24,ATH
343,Caden Connor,25,CWS
344,Gavin Conticello,23,AZ
345,Willson Contreras,34,BOS
346,William Contreras,28,MIL
347,Billy Cook,27,PIT
348,Jose Cordoba,23,STL
349,Jose Cordova,26,COL
350,Kenedy Corona,26,NYY
351,Jorge Corona,25,CWS
352,Carlos Correa,31,HOU
353,Carlos Cortes,29,ATH
354,Andrew Cossetti,26,MIN
355,Felix Cotes,20,TB
356,Brady Counsell,23,AZ
357,Luis Cova,19,MIA
358,Ben Cowles,26,"CHC,TOR"
359,Colton Cowser,26,BAL
360,Jonah Cox,24,SF
361,Brenner Cox,22,WSH
362,Jacob Cozart,23,CLE
363,Justin Crawford,22,PHI
364,J.P. Crawford,31,SEA
365,Dylan Crews,24,WSH
366,Blaine Crim,29,COL
367,Demetrio Crisantes,21,AZ
368,Dayson Croes,26,SF
369,Jake Cronenworth,32,SD
370,Jimmy Crooks,24,STL
371,Gavin Cross,25,KC
372,Pete Crow-Armstrong,24,CHC
373,Trei Cruz,27,DET
374,Ronny Cruz,19,WSH
375,Oneil Cruz,27,PIT
376,John Cruz,20,MIA
377,Armando Cruz,22,WSH
378,Danyer Cueva,22,TEX
379,Yohairo Cuevas,22,NYM
380,Elis Cuevas,21,BAL
381,Kaelen Culpepper,23,MIN
382,Carter Cunningham,25,TOR
383,Dean Curley,22,CLE
384,Travis d'Arnaud,37,LAA
385,J.J. D'Orazio,24,LAA
386,Wilder Dalis,19,COL
387,Pedro Dalmagro,20,CLE
388,Derek Datil,20,TB
389,Michael Dattalo,22,STL
390,Zach Daudet,23,HOU
391,Charles Davalan,22,LAD
392,Gabriel Davalillo,18,LAA
393,Logan Davidson,28,TB
394,Bo Davidson,23,SF
395,Henry Davis,26,PIT
396,Colin Davis,27,SEA
397,Chase Davis,24,STL
398,Brennen Davis,26,SEA
399,Brady Day,24,PHI
400,Randy De Jesus,21,LAA
401,Josuar De Jesus,18,SF
402,Luis De La Cruz,19,CLE
403,Elly De La Cruz,24,CIN
404,Bryan De La Cruz,29,PHI
405,Alessander De La Cruz,20,COL
406,Darlyn De Leon,21,CHC
407,Yordany De Los Santos,21,PIT
408,Johan De Los Santos,17,PIT
409,Deyvison De Los Santos,23,MIA
410,Anderson De Los Santos,22,BAL
411,Branny De Oleo,21,NYM
412,Josue De Paula,21,LAD
413,Leo De Vries,19,ATH
414,Justin Dean,29,CHC
415,Paul DeJong,32,NYY
416,Chase DeLauter,24,CLE
417,Jason Delay,31,BOS
418,Ray Delgado,26,TB
419,Keiner Delgado,22,PIT
420,Joan Delgado,21,CHC
421,Jonny DeLuca,27,TB
422,Carson DeMartini,23,PHI
423,Anthony DePino,23,CWS
424,Rafael Devers,29,SF
425,Jose Devers,23,CLE
426,Zach Dezenzo,26,HOU
427,Yandy Díaz,34,TB
428,Yainer Diaz,27,HOU
429,Randal Diaz,23,WSH
430,Jhon Diaz,23,TB
431,Elias Díaz,35,KC
432,Luke Dickerson,20,WSH
433,Korbyn Dickerson,22,SEA
434,Dustin Dickerson,25,KC
435,Jared Dickey,24,ATH
436,Daniel Dickinson,22,MIL
437,Marco Dinges,22,MIL
438,Dillon Dingler,27,DET
439,JD Dix,20,AZ
440,Hunter Dobbins,23,DET
441,Ramiro Dominguez,19,MIN
442,Jasson Domínguez,23,NYY
443,Brody Donay,22,TB
444,Rayne Doncon,22,MIN
445,Anthony Donofrio,26,SEA
446,Brendan Donovan,29,SEA
447,Carter Dorighi,23,SEA
448,Cade Doughty,25,TOR
449,Brenton Doyle,28,COL
450,Brandon Drury,33,KC
451,Athanael Duarte,21,LAA
452,Mauricio Dubón,31,ATL
453,Gavin Dugas,26,WSH
454,Titus Dumitru,23,PIT
455,Clay Dungan,30,SD
456,Oliver Dunn,28,CWS
457,Blake Dunn,27,CIN
458,Alfredo Duno,20,CIN
459,Rodolfo Durán,28,SD
460,Jarren Duran,29,BOS
461,Ezequiel Duran,27,TEX
462,Edward Duran,22,TOR
463,Edinson Duran,23,NYY
464,Caleb Durbin,26,BOS
465,Brendan Durfee,24,SD
466,Max Durrington,19,ATH
467,Konni Durschlag,24,SEA
468,Nate Eaton,29,BOS
469,Brady Ebel,18,MIL
470,Bryce Eblin,24,CWS
471,Xavier Edwards,26,MIA
472,Payton Eeles,26,BAL
473,Zach Ehrhard,23,LAD
474,Bryce Eldridge,21,SF
475,Jaron Elkins,21,LAD
476,Clark Elliott,25,ATH
477,Duke Ellis,28,NYY
478,Colt Emerson,20,SEA
479,Yamal Encarnacion,22,HOU
480,Jerar Encarnacion,28,SF
481,Freili Encarnacion,21,BOS
482,Anyelo Encarnación,22,STL
483,Christian Encarnacion-Strand,26,CIN
484,Tristin English,29,ATL
485,J.C. Escarra,31,NYY
486,Jose Escobar,21,CHC
487,Aroon Escobar,21,PHI
488,Santiago Espinal,31,LAD
489,Ludwing Espinoza,20,CHC
490,Lizandro Espinoza,23,ATL
491,Leonel Espinoza,23,CHC
492,Thairo Estrada,30,BAL
493,Aron Estrada,21,BAL
494,Matthew Etzel,24,MIA
495,A.J. Ewing,21,NYM
496,Jud Fabian,25,BAL
497,Albert Fabian,24,SD
498,Stuart Fairchild,30,CLE
499,Jonny Farmelo,21,SEA
500,Kyle Farmer,35,ATL
501,Trent Farquhar,25,PHI
502,Drew Faurot,22,MIA
503,Jaden Fauske,19,CWS
504,Kyler Fedko,26,MIN
505,Hunter Feduccia,29,TB
506,George Feliz,23,SEA
507,Angel Feliz,19,WSH
508,Adbiel Feliz,19,PIT
509,Cade Fergus,25,PHI
510,Max Ferguson,26,BOS
511,José Fermín,27,STL
512,Freddy Fermin,31,SD
513,Anderson Fermin,19,BOS
514,Yeiner Fernandez,23,LAD
515,Yanquiel Fernández,23,NYY
516,Jose Fernandez,22,AZ
517,Ilan Fernandez,19,BOS
518,Dauri Fernandez,19,CLE
519,Matthew Ferrara,19,PHI
520,Jaime Ferrer,23,MIN
521,Pascanel Ferreras,24,HOU
522,Jadyn Fielder,21,MIL
523,Gavin Fien,19,WSH
524,Dylan Fien,20,ATH
525,Gleider Figuereo,22,TEX
526,Victor Figueroa,22,BAL
527,Andrew Fischer,22,MIL
528,Kevin Fitzer,24,COL
529,Tyler Fitzgerald,28,SF
530,Ryan Fitzgerald,32,LAD
531,Daniel Flames,19,TEX
532,Cooper Flemming,19,TB
533,Dominic Fletcher,28,PIT
534,Nathan Flewelling,19,TB
535,Tucker Flint,25,LAA
536,Edward Florentino,19,PIT
537,Rafael Flores,25,PIT
538,Juan Flores,20,LAA
539,Jalin Flores,22,STL
540,Cole Fontenelle,24,LAA
541,TJ Ford,20,LAA
542,Harry Ford,23,WSH
543,Garret Forrester,24,MIA
544,Nick Fortes,29,TB
545,Justin Foscue,27,TEX
546,Kale Fountain,20,SD
547,Jake Fox,23,CLE
548,Luis Fragoza,19,MIN
549,Jake Fraley,31,TB
550,Ty France,31,SD
551,Welbyn Francisca,20,CLE
552,Junior Franco,23,AZ
553,Christian Franklin,26,WSH
554,Adam Frazier,34,LAA
555,Alex Freeland,24,LAD
556,Tyler Freeman,27,COL
557,Freddie Freeman,36,LAD
558,J.R. Freethy,23,TOR
559,Jesus Freitez,20,COL
560,Sal Frelick,26,MIL
561,Ethan Frey,22,HOU
562,Dayan Frías,24,CLE
563,TJ Friedl,30,CIN
564,David Fry,30,CLE
565,Braxton Fulford,27,COL
566,Nate Furman,24,SF
567,Cole Gabrielson,25,NYY
568,Ryan Galanie,26,CWS
569,Ben Gamel,34,ATL
570,Carter Garate,22,TEX
571,Maikel Garcia,26,KC
572,Luis García Jr.,26,WSH
573,John Garcia,25,HOU
574,Jhostynxon Garcia,23,PIT
575,David García,26,MIL
576,Aramis Garcia,33,AZ
577,Adolis García,33,PHI
578,Andy Garriola,26,CHC
579,Mitch Garver,35,SEA
580,Mickey Gasper,30,BOS
581,Austin Gauthier,27,LAD
582,Jon Jon Gazdar,24,STL
583,Zack Gelof,26,ATH
584,Jake Gelof,24,LAD
585,Angel Genao,22,CLE
586,Harry Genth,23,MIN
587,Tyler Gentry,27,KC
588,Nate George,20,BAL
589,Kendall George,21,LAD
590,Marconi German,18,WSH
591,Samuel Gil,21,DET
592,John Gil,20,ATL
593,Drew Gilbert,25,SF
594,Theo Gillen,20,TB
595,Andrés Giménez,27,TOR
596,DJ Gladney,24,NYY
597,Phillip Glasser,26,WSH
598,Dub Gleed,23,MIA
599,Ben Gobbel,26,LAA
600,Paul Goldschmidt,38,NYY
601,Vladi Gomez,20,NYM
602,Santiago Gomez,22,NYY
603,Nick Gonzales,27,PIT
604,Justin Gonzales,19,BOS
605,Tres Gonzalez,25,PIT
606,Samuel Gonzalez,19,ATH
607,Ricardo Gonzalez,21,TB
608,Jacob Gonzalez,24,CWS
609,J.D. Gonzalez,20,TB
610,Gabriel Gonzalez,22,MIN
611,Asbel Gonzalez,20,KC
612,Jack Goodman,22,DET
613,Hunter Goodman,26,COL
614,Nick Goodwin,24,TOR
615,Nolan Gorman,26,STL
616,Gunner Gouldsmith,24,ATH
617,Duce Gourson,23,PIT
618,Peyton Graham,25,DET
619,Tristan Gray,30,MIN
620,Taitn Gray,18,TB
621,Murf Gray,22,PIT
622,Clayton Gray,24,COL
623,Rodney Green,23,ATH
624,Payton Green,23,MIA
625,Elijah Green,22,WSH
626,Austin Green,24,NYY
627,Riley Greene,25,DET
628,Randal Grichuk,34,NYY
629,Konnor Griffin,20,PIT
630,Trent Grisham,29,NYY
631,Vaughn Grissom,25,LAA
632,LuJames Groover,24,AZ
633,Jordan Groshans,26,ATL
634,Luis Guanipa,20,ATL
635,Breyson Guedez,18,ATH
636,Vladimir Guerrero Jr.,27,TOR
637,Eduardo Guerrero,21,LAD
638,Brailer Guerrero,20,TB
639,Daniel Guilarte,22,MIL
640,Garret Guillemette,24,HOU
641,Jack Gurevitch,22,STL
642,Mac Guscette,24,ATL
643,Randy Guzman,21,NYM
644,Joephillip Guzman,19,BAL
645,Denzer Guzman,22,LAA
646,Carter Gwost,19,PIT
647,Eric Haase,33,SF
648,Woody Hadeen,23,DET
649,Sam Haggerty,32,TEX
650,Elijah Hainline,23,LAD
651,Matt Halbach,23,CHC
652,Steele Hall,18,CIN
653,Petey Halpin,24,CLE
654,Colby Halter,24,ATH
655,David Hamilton,28,MIL
656,Garrett Hampson,31,CIN
657,Maverick Handley,28,BAL
658,Luke Hanson,22,TEX
659,Ian Happ,31,CHC
660,Parks Harber,24,SF
661,Tyler Hardman,27,NYY
662,Theo Hardy,24,TEX
663,Chase Harlan,19,LAD
664,Bryce Harper,33,PHI
665,Gage Harrelson,22,LAA
666,Michael Harris II,25,ATL
667,Dustin Harris,26,CWS
668,Dakota Harris,24,STL
669,Brett Harris,28,ATH
670,Jay Harry,23,TOR
671,Ben Hartl,23,TEX
672,Eric Hartman,20,ATL
673,Josiah Hartshorn,19,CHC
674,Robert Hassell III,24,WSH
675,Trevor Hauver,27,TEX
676,Kyle Hayes,28,KC
677,Ke'Bryan Hayes,29,CIN
678,Austin Hays,30,CWS
679,Dillon Head,21,MIA
680,Ethan Hedges,22,COL
681,Austin Hedges,33,CLE
682,Jonah Heim,31,ATL
683,Tyler Heineman,35,TOR
684,Michael Helman,30,TEX
685,Gunnar Henderson,25,BAL
686,Austin Hendrick,25,CIN
687,Kyle Henley,21,CIN
688,Yonatan Henriquez,21,NYM
689,Julio Henriquez,21,MIA
690,Payton Henry,29,NYY
691,Raylin Heredia,22,PHI
692,Darell Hernaiz,24,ATH
693,Yonny Hernández,28,NYM
694,Teoscar Hernández,33,LAD
695,Sammy Hernandez,22,STL
696,Ronald Hernandez,22,NYM
697,Omar Hernandez,24,KC
698,Merphy Hernandez,19,MIN
699,Maikol Hernández,22,BAL
700,Jesus Hernandez,22,MIA
701,Heriberto Hernández,26,MIA
702,Cristian Hernández,22,MIA
703,Yilber Herrera,21,MIN
704,Reiner Herrera,20,CLE
705,Kendrick Herrera,19,PIT
706,José Herrera,29,TEX
707,Iván Herrera,26,STL
708,Kyle Hess,27,MIN
709,Kehden Hettiger,22,PHI
710,Nathan Hickey,26,BOS
711,Brewer Hicklen,30,ATL
712,Liam Hicks,27,MIA
713,Kelvin Hidalgo,21,COL
714,Kyle Higashioka,36,TEX
715,P.J. Higgins,33,CIN
716,Cobb Hightower,21,BAL
717,Turner Hill,27,SF
718,Luke Hill,22,CLE
719,GJ Hill,25,COL
720,Derek Hill,30,CWS
721,P.J. Hilson,25,PIT
722,Jacob Hinderleider,25,COL
723,Rece Hinds,25,CIN
724,Keston Hiura,29,LAD
725,Caleb Hobson,24,COL
726,Douglas Hodo,25,BAL
727,Nico Hoerner,29,CHC
728,Matt Hogan,26,CWS
729,Jonathan Hogart,24,PHI
730,Ethan Holliday,19,COL
731,Jake Holton,28,SF
732,Max Holy,23,HOU
733,Vance Honeycutt,23,BAL
734,Travis Honeyman,24,STL
735,Josh Hood,25,SEA
736,Zyhir Hope,21,LAD
737,Tommy Hopfe,23,COL
738,Jackson Hornung,25,TOR
739,Mac Horvath,24,TB
740,Spencer Horwitz,28,PIT
741,Rhys Hoskins,33,CLE
742,Bennett Hostetler,28,MIA
743,Colin Houck,21,NYM
744,Maddux Houghton,27,MIN
745,Brady House,23,WSH
746,Marek Houston,22,MIN
747,Ed Howard,24,CHC
748,Garrett Howe,23,CLE
749,Anthony Huezo,20,HOU
750,Sam Huff,28,BAL
751,Kody Huff,25,CLE
752,Connor Hujsak,24,TB
753,Jacob Humphrey,23,COL
754,Zach Humphreys,28,LAA
755,Nathan Humphreys,23,PHI
756,Cade Hunter,25,CIN
757,Jack Hurley,24,AZ
758,Jacob Hurtubise,28,MIL
759,Andy Ibáñez,33,ATH
760,Ruben Ibarra,27,CIN
761,Ryan Ignoffo,25,MIA
762,Jonathan India,29,KC
763,Cooper Ingle,24,CLE
764,Ike Irish,22,BAL
765,Xavier Isaac,22,TB
766,Kyle Isbel,29,KC
767,Jose Izarra,24,LAD
768,Ryan Jackson,24,SD
769,JoJo Jackson,23,NYY
770,Jeremiah Jackson,26,BAL
771,Isaiah Jackson,22,BOS
772,Core Jackson,22,NYY
773,Alex Jackson,30,MIN
774,Kamren James,26,TB
775,Coy James,19,WSH
776,Walker Janek,23,HOU
777,Danny Jansen,31,TEX
778,Mike Jarvis,28,PIT
779,Jim Jarvis,25,ATL
780,Dylan Jasso,23,MIA
781,Chase Jaworsky,21,MIA
782,Mitch Jebb,24,PIT
783,Ryan Jeffers,29,MIN
784,Walker Jenkins,21,MIN
785,Andrew Jenkins,25,DET
786,Jacob Jenkins-Cowart,23,MIA
787,Carter Jensen,22,KC
788,Manolfi Jimenez,21,PHI
789,Leo Jimenez,25,TOR
790,Hansel Jimenez,19,CIN
791,Frederik Jimenez,21,BOS
792,Eloy Jiménez,29,TOR
793,Antonio Jimenez,22,NYM
794,Connor Joe,33,SEA
795,Termarr Johnson,22,PIT
796,Justin Johnson,26,KC
797,Ivan Johnson,27,CIN
798,Daniel Johnson,30,MIA
799,Cooper Johnson,28,TEX
800,Carter Johnson,20,MIA
801,Bryce Johnson,30,SD
802,Troy Johnston,29,COL
803,Spencer Jones,25,NYY
804,Nolan Jones,28,CLE
805,Keith Jones,24,TEX
806,Jared Jones,22,PIT
807,Jahmai Jones,28,DET
808,Greg Jones,28,MIL
809,Druw Jones,22,AZ
810,Colby Jones,22,ATL
811,Brock Jones,25,TB
812,Brendan Jones,24,MIA
813,Levi Jordan,30,WSH
814,Dakota Jordan,23,SF
815,Blaze Jordan,23,STL
816,Dyan Jorge,23,COL
817,Carlos Jorge,22,CIN
818,Tavian Josenberger,24,BAL
819,Jakey Josepha,22,AZ
820,Simon Juan,20,NYM
821,Aaron Judge,34,NYY
822,Edouard Julien,27,COL
823,Corey Julks,30,DET
824,Josh Jung,28,TEX
825,Jace Jung,25,DET
826,Connor Kaiser,29,KC
827,Brian Kalmer,25,CHC
828,Braedon Karpathios,23,SD
829,Kyle Karros,23,COL
830,Josh Kasevich,25,TOR
831,Niko Kavadas,27,LAA
832,C.J. Kayfus,24,CLE
833,Luke Keaschall,23,MIN
834,Dominic Keegan,25,TB
835,DaShawn Keirsey Jr.,29,ATL
836,Damon Keith,26,LAD
837,Colt Keith,24,DET
838,Jarred Kelenic,26,CWS
839,Carson Kelly,31,CHC
840,Tyriq Kemp,23,KC
841,Otto Kemp,26,PHI
842,Caden Kendle,24,MIN
843,Buddy Kennedy,27,SF
844,Nic Kent,26,COL
845,Kaeden Kent,22,NYY
846,Kane Kepley,22,CHC
847,Grae Kessinger,28,NYM
848,Caleb Ketchup,24,LAA
849,Sean Keys,23,TOR
850,Carter Kieboom,28,CLE
851,Gavin Kilen,22,SF
852,Kevin Kilpatrick,25,ATL
853,Jayden Kim,19,PIT
854,Hyeseong Kim,27,LAD
855,Isiah Kiner-Falefa,31,BOS
856,Skylar King,22,BOS
857,Seaver King,23,WSH
858,Lamar King,22,SD
859,Eddie King,23,PIT
860,Scott Kingery,32,CHC
861,Cooper Kinney,23,TB
862,Alejandro Kirk,27,TOR
863,Heston Kjerstad,27,BAL
864,Paxton Kling,23,TEX
865,Bill Knight,26,SEA
866,Andrew Knizner,31,SEA
867,Zach Kokoska,27,COL
868,Aldalay Kolokie,21,COL
869,Matt Koperniak,28,STL
870,Christian Koss,28,SF
871,Ryan Kreidler,28,MIN
872,Josh Kross,23,STL
873,Sam Kulasingam,24,KC
874,Joshua Kuroda-Grauer,23,ATH
875,Nick Kurtz,23,ATH
876,Steven Kwan,28,CLE
877,Víctor Labrada,26,SEA
878,Joe Lampe,25,CLE
879,Shea Langeliers,28,ATH
880,Wyatt Langford,24,TEX
881,Rafael Lantigua,28,TOR
882,Wilfredo Lara,22,MIA
883,Luis Lara,21,MIL
884,Trevor Larnach,29,MIN
885,Ryan Lasko,24,ATH
886,Maddox Latta,23,TOR
887,Ramón Laureano,31,SD
888,Bryan Lavastida,27,ATH
889,Jace LaViolette,22,CLE
890,Jordan Lawlar,23,AZ
891,Cortland Lawson,26,WSH
892,Cameron Leary,24,ATH
893,Colton Ledbetter,24,STL
894,Patrick Lee,26,DET
895,Korey Lee,27,CWS
896,Jung Hoo Lee,27,SF
897,Hyun Seung Lee,18,PIT
898,Hao-Yu Lee,23,DET
899,Brooks Lee,25,MIN
900,Bennett Lee,24,DET
901,Marcus Lee Sang,25,TEX
902,Sandy León,37,ATL
903,Pedro León,28,PHI
904,Eddys Leonard,25,MIL
905,Zach Levenson,24,STL
906,Tatem Levins,27,TB
907,Tyson Lewis,20,CIN
908,Royce Lewis,27,MIN
909,Ian Lewis,23,MIA
910,Dillon Lewis,23,MIA
911,Ahbram Liendo,22,BOS
912,Daylen Lile,23,WSH
913,Jonathan Linares,21,LAA
914,Carlos Linárez,24,STL
915,Francisco Lindor,32,NYM
916,Kellon Lindsey,20,LAD
917,Trey Lipscomb,26,WSH
918,Thayron Liranzo,22,DET
919,Joshua Liranzo,19,BAL
920,Jaiden Lo Re,19,BAL
921,Brandon Lockridge,29,MIL
922,Griffin Lockwood-Powell,28,LAD
923,Kyle Lodise,22,CWS
924,Alex Lodise,22,ATL
925,Nick Loftin,27,KC
926,Gavin Logan,26,AZ
927,Drake Logan,25,CWS
928,Caleb Lomavita,23,WSH
929,George Lombard Jr.,21,NYY
930,Jonathon Long,24,CHC
931,Joey Loperfido,27,HOU
932,Otto Lopez,27,MIA
933,Nicky Lopez,31,COL
934,Alejo López,30,SEA
935,Nick Lorusso,25,NYM
936,Qrey Lott,21,SD
937,Eli Lovich,20,CHC
938,Nathaniel Lowe,30,CIN
939,Josh Lowe,28,LAA
940,Brandon Lowe,31,PIT
941,Yaxson Lucena,18,STL
942,Marco Luciano,24,NYY
943,Ivan Luciano,19,AZ
944,Matthew Lugo,25,LAA
945,Yerlin Luis,20,CLE
946,Jansel Luis,21,AZ
947,Nathan Lukes,31,TOR
948,Alexey Lumpuy,22,CHC
949,Gavin Lux,28,TB
950,Mason Lytle,25,HOU
951,Zach MacDonald,22,DET
952,Manny Machado,33,SD
953,Vimael Machín,32,COL
954,Johan Macias,23,LAA
955,Dallas Macias,22,ATL
956,Antonis Macias,21,TEX
957,Willie MacIver,29,TEX
958,Joe Mack,23,MIA
959,Kevin Made,23,WSH
960,Jesús Made,19,MIL
961,Alex Madera,25,CHC
962,Nick Madrigal,29,LAA
963,Bligh Madris,30,STL
964,Kendrey Maduro,22,LAA
965,Alec Makarewicz,25,CWS
966,Ben Malgeri,26,DET
967,Justyn-Henry Malloy,26,TB
968,Trey Mancini,34,LAA
969,Jake Mangum,30,PIT
970,Luke Mann,26,ATH
971,Kyle Manzardo,25,CLE
972,Rafael Marchán,27,PHI
973,Cade Marlowe,29,ATH
974,Elih Marrero,29,KC
975,Jakob Marsee,25,MIA
976,Brandon Marsh,28,PHI
977,Starling Marte,37,KC
978,Noelvi Marte,24,CIN
979,Modeifi Marte,23,AZ
980,Ketel Marte,32,AZ
981,Walker Martin,22,SF
982,Rudy Martin,30,KC
983,Richie Martin,31,TEX
984,Maxton Martin,21,TEX
985,Garrett Martin,26,NYY
986,Austin Martin,27,MIN
987,Bryce Martin-Grudzielanek,23,NYY
988,Randy Martinez,19,CLE
989,Orlando Martinez,28,TEX
990,Orelvis Martinez,24,WSH
991,Omar Martínez,24,LAA
992,Larry Martinez,20,TB
993,Jonathan Martinez,19,CLE
994,Ernesto Martinez Jr.,27,NYY
995,Bryan Martinez,20,LAA
996,Anthony Martinez,22,CLE
997,Angel Martínez,24,CLE
998,Alfonzo Martinez,20,TB
999,Nathan Martorella,25,MIA
1000,Michael Massey,28,KC
1001,Miles Mastrobuoni,30,SEA
1002,Jorge Mateo,31,ATL
1003,Angel Mateo,21,TB
1004,Juan Matheus,22,MIA
1005,Cole Mathis,22,CHC
1006,Luis Matos,24,SF
1007,Jason Matthews,29,CWS
1008,Brice Matthews,24,HOU
1009,Ronny Mauricio,25,NYM
1010,Marcelo Mayer,23,BOS
1011,Coby Mayo,24,BAL
1012,Charles McAdoo,24,TOR
1013,Bryson McArn,25,ATH
1014,David McCabe,26,ATL
1015,Kyle McCann,28,COL
1016,James McCann,36,AZ
1017,Jake McCarthy,28,COL
1018,Ryan McCarty,27,TOR
1019,LeTrey McCollum,23,LAA
1020,Jacob McCombs,21,MIN
1021,Chas McCormick,31,CHC
1022,Ryan McCoy,24,TB
1023,Mason McCoy,31,SD
1024,Grant McCray,25,SF
1025,Mac McCroskey,26,LAA
1026,Ryan McCrystal,23,CIN
1027,Andrew McCutchen,39,TEX
1028,Jake McCutcheon,22,MIA
1029,Tyler McDonough,27,BOS
1030,Micah McDowell,25,MIA
1031,Haydn McGeary,26,CHC
1032,Cade McGee,23,STL
1033,Jonny McGill,24,LAA
1034,Kevin McGonigle,21,DET
1035,Shane McGuire,27,ATH
1036,Reese McGuire,31,"CWS,MIL"
1037,Paul McIntosh,28,PHI
1038,Dalton McIntyre,22,ATL
1039,Aaron McKeithan,26,SEA
1040,Jared McKenzie,25,WSH
1041,Zach McKinstry,31,DET
1042,Sean McLain,25,LAD
1043,Matt McLain,26,CIN
1044,Ben McLaughlin,24,AZ
1045,Ryan McMahon,31,NYY
1046,Jeff McNeil,34,ATH
1047,Curtis Mead,25,CWS
1048,Parker Meadows,26,DET
1049,Joshua Mears,25,SD
1050,Wade Meckler,26,LAA
1051,Chase Meggers,23,NYM
1052,Chase Meidroth,24,CWS
1053,José Mejia,20,AZ
1054,Jonathan Mejía,21,STL
1055,Esteban Mejia,21,TEX
1056,MJ Melendez,27,NYM
1057,Ivan Melendez,26,AZ
1058,Gustavo Melendez,18,PIT
1059,Jacob Melton,25,TB
1060,Wady Mendez,21,TEX
1061,Hendry Mendez,22,MIN
1062,Noah Mendlinger,25,STL
1063,Ramon Mendoza,25,STL
1064,Carlos Mendoza,26,TOR
1065,Joey Meneses,34,ATH
1066,Lorenzo Meola,22,SF
1067,Óscar Mercado,31,AZ
1068,Yasser Mercedes,21,MIN
1069,Jeffrey Mercedes,21,CLE
1070,Jackson Merrill,23,SD
1071,David Mershon,23,LAA
1072,Matt Mervis,28,WSH
1073,Víctor Mesa Jr.,24,TB
1074,Cole Messina,23,COL
1075,Skyler Messinger,27,COL
1076,Jake Meyers,30,HOU
1077,Chris Meyers,27,DET
1078,Eddie Micheletti,24,TOR
1079,Yaikel Mijares,20,CLE
1080,Drew Millas,28,WSH
1081,Owen Miller,29,CHC
1082,Noah Miller,23,LAD
1083,Gage Miller,23,MIA
1084,Darrien Miller,25,MIL
1085,Cody Miller,21,ATL
1086,Brennan Milone,25,ATH
1087,José Miranda,28,SD
1088,Kameron Misner,28,KC
1089,Ryan Mitchell,19,STL
1090,Nick Mitchell,22,CLE
1091,Garrett Mitchell,27,MIL
1092,Blake Mitchell,21,KC
1093,Javier Mogollon,20,CWS
1094,Raymond Mola,20,PIT
1095,Ian Moller,23,TEX
1096,Andruw Monasterio,29,BOS
1097,Yoán Moncada,31,LAA
1098,Nate Mondou,31,SD
1099,Mickey Moniak,28,COL
1100,Nick Monistere,22,HOU
1101,Edgar Montero,19,ATH
1102,Lazaro Montes,21,SEA
1103,Colson Montgomery,24,CWS
1104,Braden Montgomery,23,CWS
1105,Benny Montgomery,23,COL
1106,Jose Monzon,20,TB
1107,Alex Mooney,23,CLE
1108,Robert Moore,24,PHI
1109,Malcolm Moore,22,TEX
1110,Dylan Moore,33,PHI
1111,Christian Moore,23,LAA
1112,Brody Moore,25,STL
1113,Nick Morabito,23,NYM
1114,Yohandy Morales,24,WSH
1115,Emil Morales,19,LAD
1116,Coby Morales,24,NYY
1117,Christopher Morel,27,MIA
1118,Gabriel Moreno,26,AZ
1119,Tre' Morgan,23,TB
1120,Cody Morissette,26,MIA
1121,PJ Morlando,21,MIA
1122,Jack Moroknek,23,WSH
1123,Felix Morrobel,20,LAA
1124,Diego Mosquera,22,NYM
1125,Callan Moss,22,PIT
1126,Jorgelys Mota,21,WSH
1127,Ryan Mountcastle,29,BAL
1128,Josh Moylan,23,NYY
1129,Cedric Mullins,31,TB
1130,Max Muncy,35,LAD
1131,Max Muncy,23,ATH
1132,Ismael Munguia,27,TOR
1133,Samuel Munoz,21,LAD
1134,Jake Munroe,22,LAA
1135,Munetaka Murakami,26,CWS
1136,Kai Murphy,25,SD
1137,Austin Murr,27,PHI
1138,Tanner Murray,26,CWS
1139,Ethan Murray,26,MIL
1140,B.J. Murray,26,CHC
1141,Noah Myers,26,TB
1142,Kole Myers,25,LAD
1143,Dane Myers,30,CIN
1144,Carlos Narváez,27,BOS
1145,Brian Navarreto,31,MIA
1146,Josh Naylor,29,SEA
1147,Bo Naylor,26,CLE
1148,Riley Nelson,22,CLE
1149,James Nelson,28,HOU
1150,Zach Neto,25,LAA
1151,Mason Neville,22,CIN
1152,Kyle Nevin,24,LAD
1153,Chris Newell,25,LAD
1154,Kevin Newman,32,KC
1155,Kay-Lan Nicasia,24,MIL
1156,Ryan Nicholson,25,LAA
1157,Cameron Nickens,22,STL
1158,Tomás Nido,32,DET
1159,Arjun Nimmala,20,TOR
1160,Brandon Nimmo,33,TEX
1161,Yerald Nin,20,AZ
1162,Rikuu Nishida,25,CWS
1163,Spencer Nivens,24,KC
1164,Ryan Noda,30,BAL
1165,Jhonkensy Noel,24,BAL
1166,Connor Norby,26,MIA
1167,Dante Nori,21,PHI
1168,Luke Nowak,23,KC
1169,Starlyn Nunez,20,BOS
1170,Nasim Nuñez,25,WSH
1171,Irvin Nunez,20,MIN
1172,Elijah Nunez,24,WSH
1173,Dom Nuñez,31,CLE
1174,Jordan Nwogu,27,CHC
1175,Brady O'Brien,24,SEA
1176,Ethan O'Donnell,24,MIA
1177,Griff O'Ferrall,23,BAL
1178,Ryan O'Hearn,32,PIT
1179,Logan O'Hoppe,26,LAA
1180,Brian O'Keefe,32,SEA
1181,Tyler O'Neill,31,BAL
1182,Matt O'Neill,28,AZ
1183,Dylan O'Rae,22,MIL
1184,Keshawn Ogans,24,ATL
1185,Shohei Ohtani,31,LAD
1186,Kazuma Okamoto,30,TOR
1187,Jared Oliva,30,SF
1188,Ricardo Olivar,24,MIN
1189,Edward Olivares,30,TB
1190,Michael Oliveto,19,DET
1191,Christian Olivo,22,CHC
1192,Johnny Olmstead,25,MIA
1193,Joe Olsavsky,24,ATL
1194,Matt Olson,32,ATL
1195,Andrews Opata,22,BOS
1196,Casey Opitz,27,CHC
1197,Tirso Ornelas,26,SD
1198,Jonathan Ornelas,26,NYY
1199,Victor Ortega,22,MIA
1200,Joey Ortiz,27,MIL
1201,Devin Ortiz,27,CHC
1202,Deniel Ortiz,21,STL
1203,D'Angelo Ortiz,21,BOS
1204,Angel Ortiz,23,AZ
1205,Abimelec Ortiz,24,WSH
1206,Hector Osorio,21,TEX
1207,Alejandro Osuna,23,TEX
1208,James Outman,29,MIN
1209,Austin Overn,23,TB
1210,Avery Owusu-Asiedu,23,AZ
1211,Marcell Ozuna,35,PIT
1212,Cristian Pache,27,NYM
1213,Carlos Pacheco,21,ATH
1214,Spencer Packard,28,SEA
1215,Yairo Padilla,19,STL
1216,Pedro Pagés,27,STL
1217,Andy Pages,25,LAD
1218,Charlie Pagliarini,25,SEA
1219,Trey Paige,25,STL
1220,Richie Palacios,29,TB
1221,Miguel Palma,24,NYY
1222,Alberth Palma,20,TB
1223,Jaylen Palmer,25,CHC
1224,Kevin Parada,24,NYM
1225,Isaac Paredes,27,HOU
1226,Kyren Paris,24,LAA
1227,Aaron Parker,23,TOR
1228,Vinnie Pasquantino,28,KC
1229,Duncan Pastore,26,NYY
1230,Graham Pauley,25,MIA
1231,Braylon Payne,19,MIL
1232,John Peck,23,DET
1233,Joc Pederson,34,TEX
1234,Cannon Peebles,22,CLE
1235,Tai Peete,20,STL
1236,Liover Peguero,25,PHI
1237,Fernando Peguero,21,BAL
1238,Yordalin Peña,21,STL
1239,Viandel Pena,25,WSH
1240,Manuel Pena,22,AZ
1241,Luis Peña,19,MIL
1242,Jeremy Peña,28,HOU
1243,Jack Penney,23,DET
1244,Garrett Pennington,25,DET
1245,Nick Peoples,21,WSH
1246,Oswald Peraza,26,LAA
1247,Geraldo Perdomo,26,AZ
1248,Jhonny Pereda,30,SEA
1249,Everson Pereira,25,CWS
1250,Wenceel Pérez,26,DET
1251,Salvador Perez,36,KC
1252,Nico Perez,21,LAD
1253,Junior Perez,24,ATH
1254,Jose Perez,22,TB
1255,Jeral Perez,21,CWS
1256,Carlos Pérez,35,HOU
1257,Andy Perez,22,COL
1258,Rafe Perich,24,TEX
1259,Blake Perkins,29,MIL
1260,Tristan Peters,26,CWS
1261,Sam Petersen,23,WSH
1262,Ian Petrutz,23,STL
1263,Ethan Petry,22,WSH
1264,Kervin Pichardo,24,WSH
1265,Ryan Picollo,24,SEA
1266,Daniel Pierce,19,TB
1267,Yohendrick Pinango,24,TOR
1268,Andrew Pinckney,25,WSH
1269,Pedro Pineda,22,ATH
1270,Leonardo Pineda,19,TB
1271,Leandro Pineda,24,WSH
1272,Jack Pineda,26,KC
1273,Esmith Pineda,21,CIN
1274,Luis Pino,22,STL
1275,Andrew Pintar,25,MIA
1276,René Pinto,29,PHI
1277,Avinson Pinto,19,BOS
1278,Kenny Piper,27,TB
1279,Jose Pirela,20,CLE
1280,Dominic Pitelli,24,CIN
1281,Émilien Pitre,23,TB
1282,C.J. Pittaro,24,ATH
1283,Geovanny Planchart,24,TOR
1284,Axiel Plaz,20,PIT
1285,Shalin Polanco,22,PIT
1286,Narciso Polanco,21,TB
1287,Jorge Polanco,32,NYM
1288,Chandler Pollard,22,TEX
1289,Logan Porter,30,SF
1290,Caden Powell,22,HOU
1291,Yohel Pozo,29,STL
1292,Cooper Pratt,21,MIL
1293,Nick Pratto,27,TEX
1294,Reginald Preciado,23,CHC
1295,Collin Price,26,HOU
1296,César Prieto,27,STL
1297,Jurickson Profar,33,ATL
1298,Jeferson Quero,23,MIL
1299,Edgar Quero,23,CWS
1300,Marlon Quintero,19,LAA
1301,Eduardo Quintero,20,LAD
1302,Nelson Quiroz,24,LAD
1303,Nelson Rada,20,LAA
1304,Ceddanne Rafaela,25,BOS
1305,Josiah Ragsdale,22,MIL
1306,Cal Raleigh,29,SEA
1307,Luke Raley,31,SEA
1308,Blake Rambusch,26,SEA
1309,Ramon Ramirez,21,KC
1310,Rafael Ramirez,20,WSH
1311,Pedro Ramírez,22,CHC
1312,Lucas Ramirez,20,LAA
1313,José Ramírez,33,CLE
1314,German Ramirez,19,HOU
1315,Enmanuel Ramirez,22,WSH
1316,Agustín Ramírez,24,MIA
1317,Abrahan Ramirez,21,MIA
1318,José Ramos,25,NYM
1319,Jose Ramos,19,ATH
1320,Heliot Ramos,26,SF
1321,Bryan Ramos,24,BAL
1322,Nick Raposo,28,SEA
1323,Eric Rataczak,25,MIA
1324,John Rave,28,KC
1325,J.T. Realmuto,35,PHI
1326,Jakson Reetz,30,SEA
1327,Rob Refsnyder,35,SEA
1328,Jacob Reimer,22,NYM
1329,Luis Rengifo,29,MIL
1330,Pablo Reyes,32,SD
1331,Jan Luis Reyes,20,CHC
1332,Felix Reyes,25,PHI
1333,Bryan Reynolds,31,PIT
1334,John Rhodes,25,LAD
1335,Yandel Ricardo,19,KC
1336,Ben Rice,27,NYY
1337,Caleb Ricketts,26,PHI
1338,Justin Riemer,24,ATH
1339,Roc Riggio,24,COL
1340,Austin Riley,29,ATL
1341,Heriberto Rincon,20,NYM
1342,Bryan Rincon,22,PHI
1343,Nestor Rios,21,MIA
1344,Ryan Ritter,25,COL
1345,Leo Rivas,28,SEA
1346,Kevin Rivas,23,CLE
1347,Jeremy Rivas,23,STL
1348,Javier Rivas,23,PIT
1349,Josh Rivera,25,TOR
1350,Sebastián Rivero,27,LAA
1351,Luis Robert Jr.,28,NYM
1352,Kai Roberts,25,SD
1353,Caleb Roberts,26,AZ
1354,Will Robertson,28,BAL
1355,Sam Robertson,21,NYM
1356,Shai Robinson,22,MIN
1357,Kristian Robinson,25,AZ
1358,Víctor Robles,29,SEA
1359,Carson Roccaforte,24,KC
1360,Brayan Rocchio,25,CLE
1361,Brock Rodden,26,SEA
1362,Alan Roden,26,MIN
1363,Brendan Rodgers,29,BOS
1364,Yophery Rodriguez,20,BOS
1365,Raudi Rodriguez,22,LAA
1366,Ramón Rodríguez,27,MIL
1367,Rainiel Rodriguez,19,STL
1368,Nick Rodriguez,23,LAA
1369,Keyber Rodriguez,25,TEX
1370,Julio Rodríguez,25,SEA
1371,José Rodriguez,25,PHI
1372,Johnathan Rodríguez,26,CLE
1373,Jesús Rodríguez,24,SF
1374,Héctor Rodríguez,22,CIN
1375,Gabriel Rodriguez,19,CLE
1376,Gabriel Rodriguez,18,PIT
1377,Frank Rodriguez,24,LAD
1378,Endy Rodríguez,26,PIT
1379,Emmanuel Rodriguez,23,MIN
1380,Carlos Rodríguez,25,SD
1381,Adrian Rodriguez,22,AZ
1382,Jake Rogers,31,DET
1383,Jack Rogers,27,WSH
1384,Miguel Rojas,37,LAD
1385,Josh Rojas,32,KC
1386,Jose Rojas,33,NYM
1387,Johan Rojas,25,PHI
1388,Jefferson Rojas,21,CHC
1389,Anderdson Rojas,22,AZ
1390,Ricardo Romero,18,CLE
1391,Mikey Romero,22,BOS
1392,Max Romero,25,WSH
1393,Leandro Romero,19,SEA
1394,Drew Romo,24,CWS
1395,Brent Rooker,31,ATH
1396,Ben Rortvedt,28,NYM
1397,Ronald Rosario,23,BOS
1398,Kala'i Rosario,23,MIN
1399,Amed Rosario,30,NYY
1400,Alfonsin Rosario,22,CLE
1401,Caden Rose,24,BOS
1402,Nick Roselli,23,NYM
1403,Corey Rosier,26,BOS
1404,Shawn Ross,26,PIT
1405,Ben Ross,25,MIN
1406,Jake Rucker,26,MIN
1407,Carson Rucker,21,DET
1408,Matt Rudick,27,NYM
1409,Poncho Ruiz,24,MIN
1410,Keibert Ruiz,27,WSH
1411,Jorge Ruiz,22,LAA
1412,Esteury Ruiz,27,MIA
1413,T.J. Rumfield,26,COL
1414,Dalton Rushing,25,LAD
1415,Stone Russell,22,KC
1416,Adley Rutschman,28,BAL
1417,Eddie Rynders,20,PIT
1418,Aaron Sabato,27,MIN
1419,Blake Sabol,28,TB
1420,Tommy Sacco,27,HOU
1421,Thomas Saggese,24,STL
1422,Nolan Sailors,22,KC
1423,Jose Salas,23,MIN
1424,Ethan Salas,20,SD
1425,Andrew Salas,18,MIA
1426,Johnfrank Salazar,22,STL
1427,César Salazar,30,HOU
1428,AJ Salgado,24,NYM
1429,Devin Saltiban,21,PHI
1430,Romeo Sanabria,24,SD
1431,Yolmer Sanchez,34,LAA
1432,Jordan Sanchez,20,BAL
1433,Jesús Sánchez,28,TOR
1434,Gary Sánchez,33,MIL
1435,Carlos Sanchez,21,CIN
1436,Brian Sanchez,21,PIT
1437,Axel Sanchez,23,SEA
1438,Ali Sánchez,29,NYY
1439,Wyatt Sanford,20,PIT
1440,Javier Sanoja,23,MIA
1441,Anthony Santa Cruz de Oviedo,19,LAA
1442,Tony Santa Maria,24,TB
1443,Ruben Santana,21,AZ
1444,Carlos Santana,40,AZ
1445,Adrian Santana,20,TB
1446,Shane Sasaki,25,CIN
1447,Matt Scannell,24,TOR
1448,Nolan Schanuel,24,LAA
1449,Luke Scherrer,21,PIT
1450,Jason Schiavone,23,HOU
1451,Casey Schmitt,27,SF
1452,Daniel Schneemann,29,CLE
1453,Davis Schneider,27,TOR
1454,Nick Schnell,26,SD
1455,Tanner Schobel,25,MIN
1456,RJ Schreck,25,TOR
1457,Nolan Schubart,22,CLE
1458,Max Schuemann,29,NYY
1459,Aaron Schunk,28,ATL
1460,Kyle Schwarber,33,PHI
1461,JT Schwartz,26,NYM
1462,Victor Scott II,25,STL
1463,Quincy Scott,23,TEX
1464,Connor Scott,26,KC
1465,Corey Seager,32,TEX
1466,Marcus Semien,35,NYM
1467,Hayden Senger,29,NYM
1468,Nick Senzel,31,LAD
1469,Jared Serna,24,MIA
1470,Eli Serrano,23,NYM
1471,Danny Serretti,26,AZ
1472,Brian Serven,31,ATH
1473,Jhonny Severino,21,PIT
1474,Colby Shade,24,MIA
1475,Matt Shaw,24,CHC
1476,Gavin Sheets,30,SD
1477,Colby Shelton,23,CWS
1478,Braden Shewmake,28,NYY
1479,Kodey Shojinaga,23,PHI
1480,Zack Short,31,NYY
1481,Sammy Siani,25,SEA
1482,Michael Siani,26,LAD
1483,Phillip Sikes,27,BOS
1484,Heribert Silva,20,CLE
1485,Anthony Silva,22,CLE
1486,Karson Simas,25,CHC
1487,Ronny Simon,26,PIT
1488,Will Simpson,24,TB
1489,Chandler Simpson,25,TB
1490,Kyle Sinzza,19,AZ
1491,Jean Carlos Sio,22,SF
1492,Jose Siri,30,LAA
1493,Mike Sirota,23,LAD
1494,Austin Slater,33,DET
1495,Will Smith,31,LAD
1496,Pavin Smith,30,AZ
1497,Myles Smith,23,CIN
1498,Josh Smith,28,TEX
1499,Dominic Smith,31,ATL
1500,D'Andre Smith,25,NYM
1501,Cam Smith,23,HOU
1502,Brayden Smith,22,BAL
1503,Kade Snell,23,CHC
1504,Jake Snider,28,TEX
1505,Trey Snyder,20,NYM
1506,Michael Snyder,25,MIA
1507,Tyler Soderstrom,24,ATH
1508,Nick Sogard,28,BOS
1509,Andrew Sojka,25,STL
1510,Nick Solak,31,SD
1511,Yassel Soler,20,AZ
1512,Jorge Soler,34,LAA
1513,Sung Mun Song,29,SD
1514,Thomas Sosa,21,BAL
1515,Lenyn Sosa,26,CWS
1516,Edmundo Sosa,30,PHI
1517,Juan Soto,27,NYM
1518,Ty Southisene,20,CHC
1519,Garrett Spain,25,MIN
1520,Lucas Spence,23,HOU
1521,John Spikerman,23,PHI
1522,Jared Sprague-Lott,24,ATH
1523,Josh Springer,20,TEX
1524,George Springer,36,TOR
1525,Jordan Sprinkle,25,CWS
1526,Brett Squires,26,KC
1527,Austin St. Laurent,23,SEA
1528,Giancarlo Stanton,36,NYY
1529,Cal Stark,23,TEX
1530,Jake Steels,24,ATL
1531,Spencer Steer,28,CIN
1532,Michael Stefanic,30,ATH
1533,Murphy Stehly,27,WSH
1534,Anthony Stephan,23,CIN
1535,Tyler Stephenson,29,CIN
1536,Seth Stephenson,25,DET
1537,Chad Stevens,27,COL
1538,Luke Stevenson,21,SEA
1539,Cal Stevenson,29,DET
1540,Sal Stewart,22,CIN
1541,Trevor Story,33,BOS
1542,Bryson Stott,28,PHI
1543,Peyton Stovall,23,CIN
1544,Hunter Stovall,29,PIT
1545,Kyle Stowers,28,MIA
1546,Kellen Strahm,29,HOU
1547,Myles Straw,31,TOR
1548,Jackson Strong,22,DET
1549,Garrett Stubbs,33,PHI
1550,CJ Stubbs,29,TOR
1551,José Suárez,21,STL
1552,Eugenio Suárez,34,CIN
1553,Chris Suero,22,NYM
1554,Luis Suisbel,23,SEA
1555,Joseph Sullivan,23,HOU
1556,Brett Sullivan,32,COL
1557,Brendan Summerhill,22,TB
1558,Jared Sundstrom,25,SEA
1559,Daniel Susac,25,SF
1560,Jack Suwinski,27,LAD
1561,Seiya Suzuki,31,CHC
1562,Dansby Swanson,32,CHC
1563,Drew Swift,27,ATH
1564,Charlie Szykowny,26,SF
1565,Graysen Tarlow,24,STL
1566,Josh Tate,22,PIT
1567,Fernando Tatis Jr.,27,SD
1568,Mike Tauchman,35,NYM
1569,Aiden Taurek,22,SEA
1570,Feldi Tavarez,19,WSH
1571,Ambioris Tavarez,22,ATL
1572,Braylin Tavera,21,BAL
1573,Leody Taveras,27,BAL
1574,Tim Tawa,27,AZ
1575,Will Taylor,23,PIT
1576,Tyrone Taylor,32,NYM
1577,Samad Taylor,27,SD
1578,Nelly Taylor,23,BOS
1579,John Taylor,25,TEX
1580,Devin Taylor,22,ATH
1581,Chris Taylor,35,LAA
1582,Carson Taylor,27,SEA
1583,Brayden Taylor,24,TB
1584,Kavares Tears,23,SD
1585,Kyle Teel,24,CWS
1586,Enmanuel Tejeda,21,NYY
1587,Dashyll Tejeda,20,WSH
1588,José Tena,25,WSH
1589,Bryce Teodosio,27,LAA
1590,Matt Thaiss,31,BOS
1591,Rhylan Thomas,26,SEA
1592,Lane Thomas,30,KC
1593,Justin Thomas,22,HOU
1594,Johnathon Thomas,26,WSH
1595,Colby Thomas,25,ATH
1596,Alek Thomas,26,AZ
1597,Jay Thomason,24,MIN
1598,Sterlin Thompson,25,COL
1599,James Tibbs,23,LAD
1600,Riley Tirotta,27,TOR
1601,Michael Toglia,27,CIN
1602,Tyler Tolbert,28,KC
1603,Milan Tolentino,24,CLE
1604,Tyler Tolve,25,ATL
1605,Tucker Toman,22,TOR
1606,Marshall Toole,23,TB
1607,Cristofer Torin,21,AZ
1608,Spencer Torkelson,26,DET
1609,Diego Tornes,17,ATL
1610,Abraham Toro,29,KC
1611,Luis Torrens,30,NYM
1612,Rafhlmil Torres,20,CIN
1613,Nicholas Torres,33,NYY
1614,Marcos Torres,21,TEX
1615,Jose Torres,26,COL
1616,Gleyber Torres,29,DET
1617,Erick Torres,21,KC
1618,Bryan Torres,28,STL
1619,Jose Tovar,20,TB
1620,Ezequiel Tovar,24,COL
1621,Taylor Trammell,28,HOU
1622,Michael Trautwein,26,CIN
1623,Luca Tresh,26,KC
1624,Jose Trevino,33,CIN
1625,James Triantos,23,CHC
1626,Carter Trice,23,CHC
1627,Reed Trimble,26,BAL
1628,Fenwick Trimble,23,MIA
1629,Jared Triolo,28,PIT
1630,Chadwick Tromp,31,ATL
1631,Mike Trout,34,LAA
1632,Tommy Troy,24,AZ
1633,Camden Troyer,23,NYY
1634,Tevin Tucker,26,COL
1635,Stanley Tucker,24,BOS
1636,Kyle Tucker,29,LAD
1637,Brice Turang,26,MIL
1638,Gavin Turley,22,ATH
1639,Will Turner,23,BOS
1640,Trea Turner,33,PHI
1641,Michael Turner,27,CWS
1642,Miguel Ugueto,23,STL
1643,Hyungchan Um,22,KC
1644,Riley Unroe,30,HOU
1645,Francisco Urbaez,28,CIN
1646,Ramón Urías,32,STL
1647,Gio Urshela,34,MIN
1648,Jesus Valdez,28,AZ
1649,Esmerlyn Valdez,22,PIT
1650,Enmanuel Valdez,27,PIT
1651,Esmil Valencia,20,MIA
1652,Eduardo Valencia,26,DET
1653,Brandon Valenzuela,25,TOR
1654,George Valera,25,CLE
1655,Cristhian Vaquero,21,WSH
1656,Miguel Vargas,26,CWS
1657,Marco Vargas,21,NYM
1658,Joendry Vargas,20,LAD
1659,Jheremy Vargas,23,MIL
1660,Ildemaro Vargas,34,AZ
1661,Echedry Vargas,21,MIA
1662,Alexander Vargas,24,CIN
1663,Daulton Varsho,29,TOR
1664,Willy Vasquez,24,BAL
1665,Andrew Vaughn,28,MIL
1666,Luis Vázquez,26,BAL
1667,Daniel Vazquez,22,KC
1668,Christian Vázquez,35,HOU
1669,Zac Veen,24,COL
1670,Onix Vega,27,NYM
1671,Ralphy Velazquez,21,CLE
1672,Nelson Velázquez,27,STL
1673,Andrew Velazquez,31,TEX
1674,Daniel Vellojin,26,TB
1675,Arol Vera,23,LAA
1676,Rosman Verdugo,21,SD
1677,Luis Verdugo,25,SD
1678,Alex Verdugo,30,SD
1679,Will Verdung,23,ATL
1680,Joe Vetrano,24,LAD
1681,Landyn Vidourek,22,LAD
1682,Mark Vientos,26,NYM
1683,Matt Vierling,29,DET
1684,Ryan Vilade,27,TB
1685,Anthony Vilar,27,SD
1686,Kamuel Villar,18,COL
1687,Miguel Villarroel,24,STL
1688,Kevin Villavicencio,22,NYM
1689,Carlos Virahonda,20,AZ
1690,Leonel Vivas,19,CHC
1691,Jorbit Vivas,25,"WSH,NYY"
1692,Mitch Voit,21,NYM
1693,Brock Vradenburg,24,PHI
1694,Kien Vu,22,CIN
1695,A.J. Vukovich,24,AZ
1696,Luke Waddell,27,ATL
1697,Tyler Wade,31,TEX
1698,LaMonte Wade Jr.,32,CWS
1699,Eric Wagaman,28,MIN
1700,Will Wagner,27,SD
1701,Logan Wagner,22,LAD
1702,Josh Wakefield,22,HOU
1703,Ryan Waldschmidt,23,AZ
1704,Kyle Walker,23,HOU
1705,Jordan Walker,24,STL
1706,Christian Walker,35,HOU
1707,Cayden Wallace,24,WSH
1708,Chad Wallach,34,ATH
1709,Matt Wallner,28,MIN
1710,Taylor Walls,29,TB
1711,Jean Walters,24,AZ
1712,Donovan Walton,32,LAA
1713,Aaron Walton,22,CLE
1714,Taylor Ward,32,BAL
1715,Ryan Ward,28,LAD
1716,Je'Von Ward,26,TOR
1717,Braiden Ward,27,BOS
1718,Bryson Ware,25,PHI
1719,Zavier Warren,27,CIN
1720,Jude Warwick,20,DET
1721,Curtis Washington,26,SEA
1722,Drew Waters,27,KC
1723,Kahlil Watson,23,CLE
1724,Andy Weber,28,CWS
1725,Ryan Weingartner,21,STL
1726,Kasen Wells,22,SD
1727,Austin Wells,26,NYY
1728,Davis Wendzel,29,PIT
1729,Kyle West,23,NYY
1730,JJ Wetherholt,23,STL
1731,Tyler Whitaker,23,HOU
1732,Shay Whitcomb,27,HOU
1733,Tommy White,23,ATH
1734,T.J. White,22,WSH
1735,Mason White,22,BOS
1736,Lonnie White,23,PIT
1737,Eli White,32,ATL
1738,Ryan Wideman,22,SD
1739,Joey Wiemer,27,WSH
1740,Brock Wilken,24,MIL
1741,Creed Willems,23,BAL
1742,Trace Willhoite,25,NYM
1743,Luke Williams,29,ATL
1744,Jordan Williams,26,WSH
1745,Jett Williams,22,MIL
1746,Dixon Williams,22,ATL
1747,Carson Williams,23,TB
1748,Alika Williams,27,PIT
1749,Ben Williamson,25,TB
1750,Eli Willits,18,WSH
1751,Will Wilson,27,SEA
1752,Weston Wilson,31,BAL
1753,Peyton Wilson,26,KC
1754,Jacob Wilson,24,ATH
1755,John Wimmer,21,LAA
1756,Patrick Winkel,26,MIN
1757,Jack Winkler,27,HOU
1758,Masyn Winn,24,STL
1759,Jack Winnay,23,BOS
1760,Brandon Winokur,21,MIN
1761,Patrick Wisdom,34,SEA
1762,Brett Wisely,27,ATL
1763,Bobby Witt Jr.,26,KC
1764,George Wolkow,20,CWS
1765,Connor Wong,30,BOS
1766,Matt Wood,25,MIL
1767,James Wood,23,WSH
1768,Ethan Workinger,24,ATL
1769,Gage Workman,26,DET
1770,Austin Wynns,35,ATH
1771,Casey Yamauchi,25,ATH
1772,Eric Yang,28,CHC
1773,Mike Yastrzemski,35,ATL
1774,Colin Yeaman,22,BAL
1775,Christian Yelich,34,MIL
1776,Juan Yepez,28,TOR
1777,Andy Yerzy,27,STL
1778,Nick Yorke,24,PIT
1779,Masataka Yoshida,32,BOS
1780,Jordan Yost,19,DET
1781,Wyatt Young,26,NYM
1782,Jared Young,30,NYM
1783,Jacob Young,26,WSH
1784,Cole Young,22,SEA
1785,Trent Youngblood,24,AZ
1786,Natanael Yuten,21,BOS
1787,Freddy Zamora,27,MIL
1788,Nazzan Zanetello,21,BOS
1789,Seby Zavala,32,LAD
1790,Samuel Zavala,21,CWS
1791,Aaron Zavala,26,TEX
1792,Adam Zebrowski,25,ATL
1793,Zane Zielinski,24,SF